{
    "width": 640,
    "height": 480,
    "intrinsic_matrix": [
        615.1546630859375,
        0,
        0,
        0,
        614.8789672851562,
        0,
        319.93634033203125,
        237.51785278320312,
        1
    ]
}